{"current":{"color_header_bg":"#411a44","color_header_links":"#fff","color_body_bg":"#f7f7f7","color_content_bg":"#fff","color_body_headings":"#030303","color_body_text":"#666","color_button_bg":"#12d927","color_button_text":"#fff","color_footer_bg":"#331135","color_footer_text":"#fff","color_hero_text":"#fff","color_hero_bg":"#006eff","login_links":17,"type_accent_family":"unica_one_n4","type_accent_spacing":true,"type_accent_transform":true,"type_base_family":"karla_n4","type_base_size":"16px","type_nav_size":"14px","type_nav_spacing":true,"type_nav_transform":true,"product_images_padding":true,"product_vendor_enable":false,"share_image":"shopify:\/\/shop_images\/whatsapp.png","social_facebook_link":"https:\/\/www.facebook.com\/jujubastoree\/","social_twitter_link":"","social_pinterest_link":"","social_instagram_link":"https:\/\/www.instagram.com\/jujuuba.store\/","social_tumblr_link":"","social_snapchat_link":"","social_youtube_link":"","social_vimeo_link":"","share_facebook":true,"share_twitter":true,"share_pinterest":true,"favicon":"shopify:\/\/shop_images\/Logo-Jujuuba.png","checkout_header_image":"shopify:\/\/shop_images\/teste.jpg","checkout_logo_image":"shopify:\/\/shop_images\/Logo-Jujuuba.png","checkout_logo_position":"center","checkout_logo_size":"large","checkout_body_background_image":"","checkout_body_background_color":"#fff","checkout_input_background_color_mode":"white","checkout_sidebar_background_image":"","checkout_sidebar_background_color":"#fafafa","checkout_heading_font":"-apple-system, BlinkMacSystemFont, 'Segoe UI', Roboto, Helvetica, Arial, sans-serif, 'Apple Color Emoji', 'Segoe UI Emoji', 'Segoe UI Symbol'","checkout_body_font":"-apple-system, BlinkMacSystemFont, 'Segoe UI', Roboto, Helvetica, Arial, sans-serif, 'Apple Color Emoji', 'Segoe UI Emoji', 'Segoe UI Symbol'","checkout_accent_color":"#006eff","checkout_button_color":"#006eff","checkout_error_color":"#e32c2b","checkout_banner_background_color":"#fff","checkout_call_to_action_color":"#006eff","checkout_use_header_image":false,"color_newsletter_input":"#1a1a1a","sections":{"slideshow":{"type":"slideshow","blocks":{"placeholder-0":{"type":"slide","settings":{"button_to_link":true,"image":"shopify:\/\/shop_images\/carrossel_jujuuba.cdr01_Pagina_1.PNG","image_position":"center center","title":"","button_label":"VER PRODUTOS","button_link":"shopify:\/\/collections\/diversos"}},"placeholder-1":{"type":"slide","settings":{"button_to_link":true,"image":"shopify:\/\/shop_images\/carrossel_jujuuba.cdr02_Pagina_2.PNG","image_position":"center center","title":"","button_label":"CLIQUE AQUI","button_link":"https:\/\/www.google.com\/maps\/dir\/-2.5488282,-44.2228424\/shopping+da+ilha\/@-2.5365499,-44.2755212,13z\/data=!3m1!4b1!4m9!4m8!1m1!4e1!1m5!1m1!1s0x7f68e2458f5d6a7:0x2001aa05a5a8ba7e!2m2!1d-44.2551181!2d-2.5273926"}},"1564653221710":{"type":"slide","settings":{"button_to_link":true,"image":"shopify:\/\/shop_images\/carroussel03_Pagina_3.PNG","image_position":"center center","title":"","button_label":"VER PRODUTOS","button_link":"shopify:\/\/collections\/acessorios-escolares"}}},"block_order":["placeholder-0","placeholder-1","1564653221710"],"settings":{"hero_home_height":"adapt","hero_home_auto":true,"hero_home_auto_speed":3}},"footer":{"type":"footer","blocks":{"linklist":{"type":"menu","settings":{"link_list":"main-menu"}},"1554755021311":{"type":"text","settings":{"title":"Lojas Físicas","text":"<p><a href=\"https:\/\/goo.gl\/maps\/fGNrhFdTMejMnAJ48\" title=\"https:\/\/goo.gl\/maps\/fGNrhFdTMejMnAJ48\">- Shopping da Ilha<\/a><\/p>\n<p><a href=\"https:\/\/goo.gl\/maps\/XzbjL9DBFNtspqmA8\" title=\"https:\/\/goo.gl\/maps\/XzbjL9DBFNtspqmA8\">- Rio Anil Shopping<\/a><\/p>\n<p><a href=\"https:\/\/goo.gl\/maps\/g64rK33vbWvBwiUC8\" title=\"https:\/\/goo.gl\/maps\/g64rK33vbWvBwiUC8\">- P&aacute;tio Norte Shopping<\/a><\/p>\n<p><a href=\"https:\/\/goo.gl\/maps\/PCCP349X1vkxRnVr6\" title=\"https:\/\/goo.gl\/maps\/PCCP349X1vkxRnVr6\">- Tropical Shopping<\/a><\/p>\n<p><a href=\"https:\/\/goo.gl\/maps\/efedGyUtjPRuSnKV7\" title=\"https:\/\/goo.gl\/maps\/efedGyUtjPRuSnKV7\">- Imperial Shopping<\/a><\/p>\n<p><\/p>"}},"1554755086157":{"type":"newsletter","settings":{"color_newsletter_input":"#74346b","color_newsletter_input_text":"#ffffff","title":"Fique por dentro","subheading":"<p>Promo&ccedil;&otilde;es e novidades diretamente no seu e-mail.<\/p>"}},"1554756642816":{"type":"social","settings":{"title":"Acompanhe","align":"center"}},"1567266148018":{"type":"text","settings":{"title":"CONTATOS","text":"<p>(98) 9 9114-4901<\/p>\n<p>(98) 9 8165-0805<\/p>\n<p>jujuuba.store@gmail.com<\/p>\n<p><\/p>"}}},"block_order":["linklist","1554755021311","1554755086157","1554756642816","1567266148018"],"settings":{"show_payment_icons":true}},"featured-collections":{"type":"featured-collections","blocks":{"featured-collections-0":{"type":"collection","settings":{"collection":"canetas-personalizadas"}},"featured-collections-1":{"type":"collection","settings":{"collection":"acessorios-escolares"}},"1563617439212":{"type":"collection","settings":{"collection":"diversos"}}},"block_order":["featured-collections-0","featured-collections-1","1563617439212"],"settings":{"stretch_collection_image":false}},"header":{"type":"header","settings":{"logo":"shopify:\/\/shop_images\/logo_jujuuba_store_rgb.cdr01_Pagina_4.PNG","logo_max_width":"100","main_linklist":"main-menu","promo_bar_enable":false,"promo_bar_text":"","promo_bar_link":""}},"password-header":{"type":"password-header","settings":{"logo":"shopify:\/\/shop_images\/Logo_Jujuba_Store.png","logo_max_width":"300","header":"Site em Manutenção"}},"password-content":{"type":"password-content","settings":{"newsletter_enable":true,"newsletter_form_heading":"Seja o primeiro a saber quando voltarmos!","newsletter_form_subheading":"<p>Promoções, novos produtos e vendas. Diretamente para sua caixa de entrada.<\/p>","newsletter_placeholder":"Digite o seu E-mail"}},"password-footer":{"type":"password-footer","settings":{"show_share_buttons":true,"social_message":"Divulgue a novidade"}},"collection-filters":{"type":"collection-filters","settings":{"product_tags_enable":true,"product_sorting_enable":true}},"product-template":{"type":"product-template","settings":{"enable_ajax":true,"stock_enable":false,"enable_payment_button":true,"social_sharing_products":true}},"1564942890238":{"type":"advanced-content","blocks":{"1566383202557":{"type":"html","settings":{"code":"","width":"100%","alignment":"top-middle"}}},"block_order":["1566383202557"],"settings":{}},"1566555976810":{"type":"featured-products","settings":{"collection":"os-mais-disputados","rows":1}},"1566556585163":{"type":"video","settings":{"button_label":"Dê um play com estilo!","video_url":"https:\/\/youtu.be\/wo3rfj0MP_k","cover_image":"shopify:\/\/shop_images\/carrossel_jujuuba.cdr03_Pagina_3.PNG","cover_image_position":"center center","cover_image_height":"short","show_overlay":true,"overlay_color":"#4a314c","overlay_opacity":50}},"1568136631490":{"type":"featured-products","settings":{"collection":"recentes","rows":2}}},"content_for_index":["featured-collections","1564942890238","1566555976810","1568136631490","1566556585163"]},"presets":{"Snowboards":{"checkout_accent_color":"#006eff","checkout_banner_background_color":"#fff","checkout_button_color":"#006eff","checkout_call_to_action_color":"#006eff","checkout_use_header_image":false,"color_body_bg":"#f7f7f7","color_body_headings":"#030303","color_body_text":"#666","color_button_bg":"#006eff","color_button_text":"#fff","color_content_bg":"#fff","color_footer_bg":"#030303","color_footer_text":"#fff","color_header_bg":"#030303","color_header_links":"#fff","color_hero_bg":"#006eff","color_hero_text":"#fff","color_newsletter_input":"#1a1a1a","type_accent_family":"unica_one_n4","type_accent_spacing":true,"type_accent_transform":true,"type_base_family":"karla_n4","type_base_size":"16px","type_nav_size":"14px","type_nav_spacing":true,"type_nav_transform":true,"sections":{"slideshow":{"type":"slideshow","blocks":{"placeholder-0":{"type":"slide","settings":{}},"placeholder-1":{"type":"slide","settings":{}}},"block_order":["placeholder-0","placeholder-1"],"settings":{}},"footer":{"type":"footer","blocks":{"linklist":{"type":"menu","settings":{}},"social":{"type":"social","settings":{}}},"block_order":["linklist","social"],"settings":{}},"featured-collections":{"type":"featured-collections","blocks":{"featured-collections-0":{"type":"collection","settings":{}},"featured-collections-1":{"type":"collection","settings":{}},"featured-collections-2":{"type":"collection","settings":{}}},"block_order":["featured-collections-0","featured-collections-1","featured-collections-2"],"settings":{}},"featured-products":{"type":"featured-products","settings":{"collection":"frontpage"}},"image-content":{"type":"image-content","blocks":{"image-content-0":{"type":"image_block","settings":{}},"image-content-1":{"type":"text_block","settings":{}}},"block_order":["image-content-0","image-content-1"],"settings":{}}},"content_for_index":["featured-collections","featured-products","image-content"]},"Outdoors":{"checkout_accent_color":"#f4743c","checkout_banner_background_color":"#fff","checkout_button_color":"#f4743c","checkout_call_to_action_color":"#f4743c","checkout_use_header_image":false,"color_body_bg":"#f7f7f7","color_body_headings":"#1a1a1a","color_body_text":"#666","color_button_bg":"#c04f1d","color_button_text":"#fff","color_content_bg":"#ffffff","color_footer_bg":"#213236","color_footer_text":"#fff","color_header_bg":"#213236","color_header_links":"#ffffff","color_hero_bg":"#f4743c","color_hero_text":"#fff","color_newsletter_input":"#425154","type_accent_family":"lora_n7","type_accent_spacing":false,"type_accent_transform":false,"type_base_family":"roboto_n4","type_base_size":"14px","type_nav_size":"15px","type_nav_spacing":false,"type_nav_transform":false},"Boxing":{"checkout_accent_color":"#d8232f","checkout_banner_background_color":"#fff","checkout_button_color":"#d8232f","checkout_call_to_action_color":"#d8232f","checkout_use_header_image":false,"color_body_bg":"#f0f0f0","color_body_headings":"#222222","color_body_text":"#666","color_button_bg":"#d8232f","color_button_text":"#fff","color_content_bg":"#ffffff","color_footer_bg":"#222222","color_footer_text":"#ffffff","color_header_bg":"#222222","color_header_links":"#ffffff","color_hero_bg":"#d8232f","color_hero_text":"#fff","color_newsletter_input":"#303030","type_accent_family":"open_sans_condensed_n7","type_accent_spacing":false,"type_accent_transform":true,"type_base_family":"source_sans_pro_n4","type_base_size":"17px","type_nav_size":"14px","type_nav_spacing":true,"type_nav_transform":true}}}